Id,Name,ProductName__c
01t4w00000NunaHAAR,Steel foldable rattan Lounge Chaise,TUMBONA PLEGABLE
01tVT000009rs9xYAA,TOWER HEATER,CALENTADOR PATIO TORRE DE GAS
01tVT00000927t3YAA,BARBECUE TEA TROLLEY WITH WHEELS,CARRITO AUXILIAR 2 NIVELES CON RUEDAS
01tVT000009YzYXYA0,SOFA BED,SOFA CAMA
01tVT000008xiJmYAI,6FT FOLDING HDPE TABLE,MESA RESINA PLEGABLE Φ 4.5 cm
01tVT00000A2HBtYAN,SMALL BASED HALF OIL DRUM GRILL,ASADOR CARBON RECTANGULAR DE MEDIO BIDON
01tVT00000A1I1xYAF,PVC GARDEN HOSE,"MANGUERA PVC 15MTS 1/2"" CON ACCESORIOS"
01t4w00000NunZAAAZ,DINING SET,SET COMEDOR 5 PIEZAS
01tVT000008k6x3YAA,KIDS PLAYHOUSE,CASA DE MUNECAS
01t4w00000Nuna5AAB,Lover camping chair,SILLA PLEGABLE CAMPING 2 PLAZAS
01t4w00000NunXVAAZ,LANTERN SOLAR LIGHT,LAMPARA SOLAR LINTERNA
01t4w00000NunbhAAB,TABLE LAMP WITH USB PORT,LAMPARA DE MESA CON PUERTO USB
01t4w00000NunZ3AAJ,DINING SET,SET COMEDOR  8 PIEZAS
01tVT00000A5xo6YAB,OSCILLATING FAN HEATER WITH THERMOSTAT 1500W,CALEFACTOR ELECTRICO TERMOVENTILADOR OSCILANTE 1500W
01tVT000009NW0PYAW,BBQ TOOLS 3 PIECES,BANDEJA GRILL BBQ 3 PIEZAS
01t4w00000NunZDAAZ,GARDEN CHAIR,SILLA - SET JARDIN 5 PIEZAS (G108118A)
01t4w00000NunWwAAJ,Susa steel folding chair,SILLA PLEGABLE ACERO
01tVT000009uFbtYAE,DINING SET 3 PIECES,SET DESAYUNADOR MDF + 2 TABURETES + ALMACENAJE 1 NIVELES
01t4w00000NunboAAB,FLOOR LAMP,LAMPARA DE PIE
01t4w00000NunXIAAZ,SOLAR SHADOW LIGHT,LAMPARA SOLAR RAMAS
01t4w00000NunZBAAZ,TABLE - GARDEN SET 5 PIECES (G108118A),MESA - SET JARDIN 5 PIEZAS (G108118A)
01tVT000009SDJhYAO,BBQ TOOLS 3 PIECES,BANDEJA GRILL BBQ 3 PIEZAS
01tVT00000EEfTFYA1,POLYRESIN GARDEN GNOME WITH LEMON DESIGN,GNOMO DE JARDÍN DE POLIRESINA CON DISEÑO DE LIMÓN
01t4w00000NunbRAAR,COOLER BAG,BOLSA NEVERA CAMPING
01t4w00000NunYPAAZ,Rattan Sofa Set,SALA DE PATIO WICKER 5 PIEZAS
01t4w00000NunaXAAR,SQUARE GAZEBO,GAZEBO CUADRADO
01t4w00000NunajAAB,SQUARE GAZEBO,GAZEBO CUADRADO
01t4w00000NunbcAAB,TABLE LAMP WITH USB PORT,LAMPARA DE MESA CON PUERTO USB
01tVT000009upgzYAA,BUTTERFLY CHAIR,SILLON MARIPOSA PLEGABLE
01tVT00000A5GeHYAV,WALL-MOUNTED PTC FAN HEATER 2000W,CALEFACTOR MURAL CERAMICO CON VENTILADOR (PTC) 2000W
01t4w00000NunYrAAJ,DINING SET,SET COMEDOR 8 PIEZAS
01tVT000009Xy6fYAC,ABSTRACT FOUNTAIN + LED,FUENTE ABSTRACTA CON LED
01tVT00000EEfTBYA1,POLYRESIN SOLAR GARDEN GNOME WITH LED LIGHT,GNOMO DE JARDÍN DE POLIRESINA CON LUZ LED SOLAR
01t4w00000NunYkAAJ,3PC Lounger set,SET DE SILLA DOBLE PLAYA
01tVT000009whQnYAI,4 TIERS CORNER DISPLAY SHELF,ESTANTERIA 4 NIVELES EN ESQUINA
01tVT00000A0bHxYAJ,10CT BLACK SPIRAL SOLAR STRING LIGHT,SERIE DE LUZ SOLAR COLGANTE ESPIRAL NEGRO
01t4w00000NunXyAAJ,Egg sofa chair,SILLA HUEVO ROTA
01t4w00000NunWhAAJ,STEEL HANGING CHAIR,COLUMPIO COLGANTE CON COJIN (DESMONTABLE)
01t4w00000NunXBAAZ,SOLAR SHADOW LIGHT,LAMPARA SOLAR HOJAS
01t4w00000NunXXAAZ,Rocky steel rattan chat of 3,SET BISTRO WICKER 3 PIEZAS CON COJIN
01tVT000009w5rlYAA,COOLER,ENFRIADOR DE AIRE PORTATIL 120W
01tVT000008k6c5YAA,EXPANDABLE HOSE 22 MT WITH 8 FUNCTION GUN,MANGUERA EXPANDIBLE 22 MT C/PISTOLA 8 FUNCIONES
01t4w00000NunYgAAJ,5pc Steel Set,SET COMEDOR 5 PIEZAS
01tVT00000A1GkvYAF,10CT PINEAPPLES SOLAR STRING LIGHT,SERIE DE LUZ SOLAR COLGANTE PIÑA
01tVT000009xMDpYAM,6 FT FOLDING HDPE TABLE,MESA RESINA PLEGABLE 180 CM
01t4w00000NunX1AAJ,Thule steel rattan lounge,TUMBONA PLAYA
01t4w00000NunawAAB,Table,APARADOR 1 NIVEL
01tVT000009uGePYAU,HALF-COMPRESSED SOFA BED,SILLON CAMA
01t4w00000NunbaAAB,TABLE LAMP.,LAMPARA DE MESA
01tVT000009NWzhYAG,BBQ TOOLS 3 PIECES,BANDEJA GRILL BBQ 3 PIEZAS
01tVT00000EEfTCYA1,POLYRESIN SOLAR GARDEN GNOME WITH LED LIGHT,GNOMO DE JARDÍN DE POLIRESINA CON LUZ LED SOLAR
01tVT00000A60sPYAR,TOWER CERAMIC PTC HEATER 1500W,CALEFACTOR CERAMICO CON VENTILADOR (PTC) 1500W
01tVT00000A2HYTYA3,EXPANDABLE GREEN WALL ARTIFICIAL LEAF FOLIAGE,MURO VERDE EXPANDIBLE FOLLAJE HOJA ARTIFICIAL
01tVT00000A2GkTYAV,HOSE HOLDER SET,SET MANGUERA PVC 10 MTS 8 FUNCIONES CON SOPORTE
01tVT000008pKZZYA2,WOODEN FRAMED MIRROR,ESPEJO DE PARED REDONDO CON MARCO MADERA
01tVT000008k6ozYAA,POT FOUNTAIN + LED,FUENTE CON LED
01t4w00000NunZsAAJ,TOWER FAN,"VENTILADOR TORRE 49"" 50W"
01tVT000008hRUzYAM,STEEL SOFA SET 4 PIECES,SALA DE PATIO ACERO 4 PIEZAS CON COJINES
01t4w00000NunYYAAZ,8PC Deluxe Folding set,SET COMEDOR CON SOMBRILLA 8 PIEZAS
01t4w00000NunZ1AAJ,TABLE - GARDEN SET 8 PIECES (G108114A),MESA - SET JARDIN 8 PIEZAS (G108114A)
01tVT000008k6U1YAI,5 TIERS WIRE SHELF,ESTANTERIA METALICA 5 NIVELES
01tVT00000A61q5YAB,TABLE PTC HEATER 1500W,CALEFACTOR CERAMICO SOBREMESA CON VENTILADOR (PTC) 1500W
01tVT000008k54wYAA,5-layer kitchen round storage rack,ESTANTERIA REDONDA 5 NIVELES ORGANIZADOR CON RUEDAS
01t4w00000NunaoAAB,SOFA SET,SET SOFAS CON COJIN 4 PIEZAS
01t4w00000Nunb4AAB,SIDE TABLE,MESA AUXILIAR
01tVT00000EEfT8YAL,POLYRESIN SOLAR GARDEN GNOME WITH LED LIGHT,GNOMO DE JARDÍN DE POLIRESINA CON LUZ LED SOLAR
01t4w00000NunYMAAZ,DINING SET,SET COMEDOR MDF + 2 SILLAS AHORRAESPACIO
01t4w00000NunbjAAB,TABLE LAMP WITH USB PORT,LAMPARA DE MESA CON PUERTO USB
01t4w00000NunWdAAJ,STEEL HANGING CHAIR,COLUMPIO COLGANTE CON COJIN
01tVT000009PtwzYAC,3 PIECE ALUMINUM & POLYWOOD BISTRO SET,SET BISTRO ALUMINIO & POLYWOOD 3 PIEZAS
01t4w00000NunXiAAJ,LED SOLAR LIGHT,SERIE DE LUZ SOLAR DECORATIVA
01tVT00000A63QTYAZ,VINTAGE TABLE COLORFUL PTC HEATER 1500W,CALEFACTOR CERAMICO SOBREMESA CON VENTILADOR (PTC) 1500W
01tVT00000E4zJPYAZ,KIDS STORAGE CABINET COMBINATION,SISTEMA MODULAR DE ALMACENAMIENTO INFANTIL
01tVT000008vlX3YAI,SOFA SET,SALA DE PATIO WICKER 5 PIEZAS CON COJINES
01t4w00000NunZVAAZ,TABLE - GARDEN SET 5 PIECES (G108128A),MESA - SET JARDIN 5 PIEZAS (G108128A)
01tVT00000A2IhRYAV,OIL BOWL SET,SET ACCESORIOS 2 PIEZAS BBQ
01t4w00000NunX3AAJ,LANTERN SOLAR LIGHT,LAMPARA SOLAR LINTERNA
01tVT000009uDi9YAE,COMPUTER DESK,MESA ESCRITORIO
01tVT00000EEfTDYA1,POLYRESIN SOLAR GARDEN GNOME WITH LED LIGHT,GNOMO DE JARDÍN DE POLIRESINA CON LUZ LED SOLAR
01tVT000009SO8fYAG,OFFICE CHAIR,SILLA ORDENADOR MESH
01tVT00000EEfT5YAL,POLYRESIN SOLAR GARDEN GNOME WITH LED LIGHT,GNOMO DE JARDÍN DE POLIRESINA CON LUZ LED SOLAR
01t4w00000NunX5AAJ,LANTERN SOLAR LIGHT,LAMPARA SOLAR LINTERNA
01tVT00000A6r8jYAB,PTC FAN HEATER 2000W,CALEFACTOR CERAMICO CON VENTILADOR (PTC) 2000W
01t4w00000NunblAAB,FLOOR LAMP,LAMPARA DE PIE
01tVT000009rlgMYAQ,OFFICE CHAIR,SILLA ORDENADOR MESH
01t4w00000NunX2AAJ,Steel balcony bistro of 3,SET BISTRO METALICO 3 PIEZAS
01t4w00000NunbnAAB,Metal&wood  wall hanging shelf in mountain shape,REPISA METALICA MONTAÑA
01tVT000009riSMYAY,TOWER HEATER,CALENTADOR PATIO TORRE DE GAS
01t4w00000NunYZAAZ,STEEL 6PC FOLDING SET,SET COMEDOR PLEGABLE 6 PIEZAS
01tVT000008qW0nYAE,STEEL SOFA SET 4 PIECES,SALA DE PATIO ACERO 4PCS
01tVT00000A33zhYAB,ELECTRIC RADIANT HEATER - HALOGEN 1200W,CALEFACTOR ELECTRICO DE RADIACION HALOGENO 1200W
01tVT000009Xn3BYAS,2 IN 1 SOFA SETA FOLDING WAGON,CARRITO PLEGABLE CON ASIENTO
01tVT00000A2JvFYAV,BBQ SET 5 PIECES,SET ACCESORIOS 5 PIEZAS BBQ
01t4w00000NunbyAAB,"Metal&wood  wall hanging shelf in diamond shape,K/D",REPISA METALICA ROMBO
01t4w00000NunauAAB,TV STAND,CENTRO ENTRETENIMIENTO 4 CAJONES
01t4w00000NunZ6AAJ,GARDEN CHAIR,SILLA - SET JARDIN 8 PIEZAS(G108114A)
01tVT000009w0iQYAQ,ROUND CHARCOAL GRILL,ASADOR CARBON REDONDO
01t4w00000NunZFAAZ,DINING SET 6PCS WITH UMBRELLA,SET COMEDOR 6 PIEZAS CON SOMBRILLA
01tVT000009w55NYAQ,6PCS BBQ TOOL SET,SET ACCESORIOS 6 PIEZAS BBQ TELA DENIM
01t4w00000NunY0AAJ,Fyn steel rattan sofa,SILLA HUEVO ROTA
01tVT0000090zEPYAY,COMPRESSED SOFA,SILLON CAMA FUTÓN
01tVT000009WW9FYAW,HEAVY DUTE SHELVE 5 TIERS,ESTANTERIA PESADA 5 NIVELES
01t4w00000NunYIAAZ,Rattan sofa set,SET SOFA EN ESQUINA 7 PIEZAS
01tVT000009w3wPYAQ,SOFA BED,SOFA CAMA
01tVT000009Xnj7YAC,PLASTIC SHELVES 3 LAYERS,ESTANTERIA PLASTICO LISO 3 NIVELES
01tVT00000A5yNZYAZ,FAN HEATER WITH THERMOSTAT 1500W,CALEFACTOR ELECTRICO TERMOVENTILADOR 1500W
01tVT000008k6gvYAA,GARDEN HOSE,"MANGUERA 50 MTS - 5/8 """
01tVT000009SO73YAG,DINING SET,SET COMEDOR 5 PIEZAS
01t4w00000NunbZAAR,COOLER BAG,BOLSA LONCHERA NEVERA CAMPING
01t4w00000NunXbAAJ,LANTERN SOLAR LIGHT,LAMPARA SOLAR COLGANTE
01t4w00000NunXrAAJ,Lund round trolley,CARRITO APOYO REDONDO
01t4w00000NunYWAAZ,Steel foldable rattan Lounge Chaise,TUMBONA PLEGABLE
01tVT000009u7EXYAY,FOLDING CHAIR WITH SUNSHADE,SILLA DOBLE PLAYA CON TOLDO
01t4w00000NunWVAAZ,Terrace Chair,SILLA DE TERRAZA
01tVT00000A0b1pYAB,10CT BLACK DIAMOND SOLAR STRING LIGHT,SERIE DE LUZ SOLAR COLGANTE DIAMANTE NEGRO
01tVT000009WWXRYA4,PLASTIC SHELVES 4 LAYERS,ESTANTERIA PLASTICO LISO 4 NIVELES
01tVT000008xiYHYAY,FOLDING HDPE CHAIR,SILLA PLEGABLE DOBLE
01t4w00000NunbNAAR,2 TIER BATHROOM TROLLEY,CARRITO BAÑO 3 NIVELES
01t4w00000NunXsAAJ,Tilburg II Rattan sofa set of 4,SALA DE PATIO WICKER 4 PIEZAS
01tVT000006LmhMYAS,END TABLE WITH USB PORT,MESA ESTRECHA CON PUERTO USB
01tVT000009VcwfYAC,CORNER SHELF 6 TIERS,ESTANTE ESQUINERO 6 NIVELES
01t4w00000NunXmAAJ,Ribe steel rattan set of 3,SET COMEDOR 3 PIEZAS AHORRA ESPACIO WICKER CON COJIN
01t4w00000NunZcAAJ,5pc Steel Set,SILLA - SET COMEDOR 5 PIEZAS (G108108A)
01tVT000008qdwjYAA,50L HARD COOLER WITH WHEELS (86 CANS),NEVERA PORTATIL CON RUEDAS (50L-86 LATAS)
01t4w00000NunYFAAZ,STOOL COOL BOX,TABURETE AUXILIAR HIELERA
01tVT00000A5A2cYAF,ELECTRIC CONVECTOR 2000W,CONVECTOR ELECTRICO 2000W
01t4w00000NunWTAAZ,Sharp top folding gazebo,GAZEBO PLAYA
01tVT000008k6vRYAQ,KIDS BUS SLIDE,CENTRO DE JUEGOS GRANDE
01tVT000009vxZGYAY,ROUND CHARCOAL GRILL,ASADOR CARBON REDONDO
01tVT000009JavRYAS,GRILL BASKET,CESTA PARRILLA BARBACOA CON 2 OREJAS
01t4w00000NunbqAAB,FLOOR LAMP,LAMPARA DE PIE CON REPISAS
01tVT000009uHozYAE,SQUARE CHARCOAL GRILL,ASADOR CARBON CUADRADO
01tVT000009kuoQYAQ,FOLDING CAMPING CHAIR,SILLA PLEGABLE CAMPING CON BOLSA
01tVT000008k6IjYAI,BAMBOO TROLLEY,CARRITO ORGANIZADOR COCINA 2 NIVELES
01tVT00000A32IsYAJ,ELECTRIC RADIANT HEATER - HALOGEN 1200W,CALEFACTOR ELECTRICO DE RADIACION HALOGENO 1200W
01tVT00000926nJYAQ,FOLDABLE TEA TROLLEY WITH WHEELS,CARRITO AUXILIAR ACACIA PLEGABLE 2 NIVELES CON RUEDAS
01tVT00000E4zJOYAZ,2-IN-1 KIDS FOLDING PLAYPEN & BASKETBALL HOOP,CORRAL PLEGABLE PARA NIÑOS CON CANASTA DE BALONCESTO 2 EN 1
01t4w00000NunbpAAB,Metal&wood  wall hanging shelf in mountain shape,REPISA METALICA MONTAÑA
01tVT00000A60CTYAZ,TOWER PTC HEATER 2000W,CALEFACTOR CERAMICO TORRE CON VENTILADOR (PTC) 2000W
01tVT00000A5BhpYAF,PTC FAN HEATER 2000W,CALEFACTOR CERAMICO CON VENTILADOR (PTC) 2000W
01t4w00000NunbLAAR,2 TIER BATHROOM TROLLEY,CARRITO BAÑO 3 NIVELES
01t4w00000NunXTAAZ,Mentor steel textilene lounge,TUMBONA PLAYA
01t4w00000NunbmAAB,FLOOR LAMP WITH USD PORT,LAMPARA DE PIE CON PUERTO USB
01tVT00000DunGNYAZ,FLAT TOP GRIDDLE,PLANCHA PARA ASAR
01tVT00000EEfT9YAL,POLYRESIN SOLAR GARDEN GNOME WITH LED LIGHT,GNOMO DE JARDÍN DE POLIRESINA CON LUZ LED SOLAR
01t4w00000NunYLAAZ,Rattan KD Sofa Set,SALA DE PATIO WICKER 4 PIEZAS
01t4w00000NunbOAAR,2 TIER BATHROOM TROLLEY,CARRITO BAÑO 3 NIVELES
01tVT000009ZDzhYAG,TV STAND,CENTRO ENTRETENIMIENTO 1 NIVEL CON 1 CAJÓN
01tVT000009w61RYAQ,COOLER,ENFRIADOR DE AIRE PORTATIL 200W
01tVT00000DnQhpYAF,WOODEN FOLDING CHAIR,SILLA PLEGABLE DE MADERA
01tVT000009XoTtYAK,PLASTIC SHELVES 3 LAYERS,ESTANTERIA PLASTICO RUGOSO 3 NIVELES
01t4w00000NunbXAAR,DOUBLE LAYER COOLER BAG,BOLSA LONCHERA NEVERA CAMPING
01t4w00000NunZaAAJ,5pc Steel Set,MESA - SET COMEDOR 5 PIEZAS (G108108A)
01tVT000008vkkfYAA,DINING SET,SET COMEDOR WICKER 9 PIEZAS CON COJINES
01tVT000008qWOzYAM,BEACH CHAIR,SILLA PLAYA
01tVT000008k6SPYAY,Folding Storage Rack 4 TIERS,ESTANTERIA 4 NIVELES ORGANIZADOR CON RUEDAS
01t4w00000NunbIAAR,4 TIER BATHROOM TROLLEY,CARRITO BAÑO 3 NIVELES
01t4w00000NunXPAAZ,LANTERN SOLAR LIGHT,LAMPARA SOLAR COLGANTE
01t4w00000NunWfAAJ,STEEL HANGING CHAIR,COLUMPIO COLGANTE CON COJIN (DESMONTABLE)
01t4w00000NunYHAAZ,Rattan sofa set,SALA DE PATIO RATAN 3 PIEZAS
01t4w00000NunbTAAR,COOLER BAG,BOLSA NEVERA CAMPING
01tVT000009uDQPYA2,COMPUTER CHAIR,SILLA ORDENADOR
01tVT000009w4ndYAA,6PCS BBQ TOOL SET,SET ACCESORIOS 6 PIEZAS BBQ TELA MIGAO
01tVT000008vl2PYAQ,DINING SET,SET COMEDOR WICKER 9 PIEZAS CON COJINES
01t4w00000NunZqAAJ,TOWER FAN,"VENTILADOR TORRE 36"" 50W"
01t4w00000NunaRAAR,FOLDING TABLE,MESA RESINA PLEGABLE 152 CM
01t4w00000NunZNAAZ,TABLE - 6 PIECE GARDEN SET (G108124A),MESA - SET JARDIN 6 PIEZAS (G108124A)
01t4w00000NunbVAAR,COOLER BACKPACK,BOLSA MOCHILA NEVERA CAMPING
01tVT000008welFYAQ,6Pcs Steel Textilene chair & table set,SET COMEDOR ACERO 6 PIEZAS CON SOMBRILLA
01t4w00000NunXZAAZ,LANTERN SOLAR LIGHT,LAMPARA SOLAR LUNA
01t4w00000NunZuAAJ,TOWER FAN,"VENTILADOR TORRE 40"" 60W"
01tVT00000A5CQzYAN,ELECTRIC CONVECTOR 2000W,CONVECTOR ELECTRICO 2000W
01tVT000009WXjdYAG,SOFA SET FOLDING WAGON,CARRITO PLEGABLE CON ASIENTO
01tVT000008xilBYAQ,6 FT FOLDING HDPE TABLE,MESA RESINA PLEGABLE 180 CM
01tVT000009XlfiYAC,PLASTIC SHELVE 4 LAYERS,ESTANTERIA PLASTICO RUGOSO 4 NIVELES
01tVT000009w5VBYAY,COOLER,ENFRIADOR DE AIRE PORTATIL 80W
01tVT00000A30qXYAR,ELECTRIC RADIANT HEATER - CARBON 900W,CALEFACTOR ELECTRICO DE RADIACION DE CARBONO 900W
01t4w00000NunbWAAR,TOTE BAG,BOLSA NEVERA CAMPING
01tVT0000091cIzYAI,TOWER FAN,VENTILADOR TORRE 120V 60W
01t4w00000NunaeAAB,SQUARE GAZEBO WITH BARS,GAZEBO CUADRADO CON BARRAS BAR
01t4w00000NunZmAAJ,TOWER FAN,"VENTILADOR TORRE 36"" 40W"
01tVT00000A2BknYAF,EXPANDABLE HOSE,MANGUERA EXPANDIBLE 15 MT C/PISTOLA 7 FUNCIONES
01t4w00000NunXuAAJ,Tilburg steel rattan set of 3,SET BISTRO WICKER 3 PIEZAS CON COJIN
01tVT00000918rBYAQ,ALUMINUM WOVEN ROPE BAR CHAIR,SILLA COMEDOR DE ALUMINIO CON CUERDA
01t4w00000NunbYAAR,COOLER BAG,BOLSA LONCHERA NEVERA CAMPING
01t4w00000NunXKAAZ,LANTERN SOLAR LIGHT,LAMPARA SOLAR LINTERNA
01tVT00000E4zJNYAZ,7-IN-1 KIDS PLAYHOUSE,CASA DE JUEGOS PARA NIÑOS 7 EN 1
01t4w00000NunbtAAB,Metal&wood  wall hanging shelf in cloud shape,REPISA METALICA NUBE
01t4w00000NunbbAAB,TABLE LAMP.,LAMPARA DE MESA
01tVT000008k6qbYAA,3-IN-1 KIDS SLIDE & SWING & BASKETBALL HOOP,CENTRO DE JUEGOS GRANDE
01t4w00000NunWZAAZ,Relax swing,COLUMPIO BALACIN DOBLE
01tVT00000926AbYAI,WICKER CHAIR WITH CUSHION,SILLA COMEDOR WICKER CON COJIN
01t4w00000Nuna2AAB,MIST FAN,"VENTILADOR MIST 16"" 90W"
01t4w00000NunZeAAJ,8PC Deluxe Folding set,MESA - SET JARDIN PLEGABLE 8 PIEZAS (G108105A)
01t4w00000NunbGAAR,4 TIER BATHROOM SIDE TABLE,MESA DE BAÑO 4 NIVELES
01tVT0000091MMHYA2,KD STEEL SINGLE SOFA ARMLESS,SILLON JARDIN ACERO CON COJINES
01t4w00000NunbMAAR,2 TIER BATHROOM TROLLEY,CARRITO BAÑO 3 NIVELES
01t4w00000NunazAAB,TV STAND,CENTRO ENTRETENIMIENTO 2 CAJONES
01tVT000009YzLdYAK,SOFA BED,SOFA CAMA
01tVT00000EEfT4YAL,POLYRESIN SOLAR GARDEN GNOME WITH LED LIGHT,GNOMO DE JARDÍN DE POLIRESINA CON LUZ LED SOLAR
01tVT00000A60afYAB,TOWER CERAMIC PTC HEATER 1500W,CALEFACTOR CERAMICO CON VENTILADOR (PTC) 1500W
01t4w00000NunWoAAJ,Steel textilene chair,SILLA COMEDOR ACERO TEXTILENO
01tVT000009uFLlYAM,DINING SET 5 PIECES,SET COMEDOR VIDRIO + 4 SILLAS
01tVT00000A2yiIYAR,FOLDING CAMPING CHAIR,SILLA PLEGABLE CAMPING
01tVT000009YyhJYAS,SOFA BED,SOFA CAMA
01tVT000008k6yfYAA,KIDS SLIDE & CLIMBER,CENTRO DE JUEGOS GRANDE
01tVT000009w25tYAA,SQUARE CHARCOAL GRILL,ASADOR CARBON CUADRADO
01tVT000009uEUXYA2,DINING SET 5 PIECES,SET COMEDOR VIDRIO + 4 SILLAS
01t4w00000NunXgAAJ,LED SOLAR LIGHT,SERIE DE LUZ SOLAR DECORATIVA
01tVT000008sjpxYAA,PORTABLE CHARCOAL GRILL SET,PARRILLA PORTÁTIL DE CARBÓN
01tVT000009WWijYAG,PLASTIC SHELVES 5 LAYERS,ESTANTERIA PLASTICO RUGOSO 5 NIVELES
01tVT000009uASXYA2,STEEL FOLDING BISTRO SET 3 PIECES,SET BISTRO METALICO PLEGABLE 3 PIEZAS
01t4w00000NunbrAAB,Metal&wood  wall hanging shelf in cloud shape,REPISA METALICA OSITO
01tVT000009arWrYAI,8-RIB SIDE GARDEN UMBRELLA,SOMBRILLA JARDIN LATERAL 8 RIBS  BASE DE SOMBRILLA CON RUEDAS
01tVT000009w4pFYAQ,SMART PORTABLE AIR CONDITIONER,AIRE ACONDICIONADO PORTATIL MULTIFUNCIONAL
01t4w00000NunYJAAZ,DINING SET,SET COMEDOR MDF + 2 SILLAS AHORRAESPACIO
01t4w00000NunbsAAB,Metal&wood  wall hanging shelf in cloud shape,REPISA METALICA NUBE
01t4w00000NunWbAAJ,STEEL HANGING CHAIR,COLUMPIO COLGANTE CON COJIN
01t4w00000NunYOAAZ,Rattan KD Dining Set,SET COMEDOR 5 PIEZAS
01tVT000008gdLJYAY,LOVE SEAT SOFA KD,SILLON DOBLE METALICA CON MESA AUXILIAR Y COJINES
01tVT000008qda9YAA,FOLDING SIDE TABLE,MESA AUXILIAR CUADRADA PLEGABLE
01tVT000008k73VYAQ,ABSTRACT FOUNTAIN + LED,FUENTE ABSTRACTA CON LED
01t4w00000NunZgAAJ,8PC Deluxe Folding set,SILLA - SET JARDIN PLEGABLE 8 PIEZAS (G108105A)
01t4w00000NunaYAAR,SQUARE GAZEBO WITH BARS,GAZEBO CUADRADO CON BARRAS BAR
01tVT00000DunGQYAZ,WOODEN CUTTING BOARD,TABLA PARA CORTAR DE MADERA
01tVT0000091cNpYAI,"32"" TOWER FAN","VENTILADOR TORRE 32"" 45W"
01t4w00000NunXRAAZ,Laguna steel rattan sofa set of 4,SET COMEDOR WICKER CON COJIN 4 PIEZAS
01t4w00000NunXwAAJ,Seattle steel lounge sofa set of 4,SALA DE PATIO METALICA 4 PIEZAS CON COJINES
01tVT000009w0fCYAQ,SQUARE CHARCOAL GRILL,ASADOR CARBON CUADRADO
01tVT0000091cCXYAY,"CIRCULATION FAN, REMOTE CONTROL","VENTILADOR DE CIRCULACIÓN, CONTROL REMOTO"
01tVT000008qVxZYAU,FOLDING SIDE TABLE,MESA AUXILIAR CUADRADA PLEGABLE
01t4w00000NunYiAAJ,Oversize-Steel Zero Gravity Chair,SILLA DOBLE PLAYA
01t4w00000NunZXAAZ,GARDEN CHAIR,SILLA - SET JARDIN 5 PIEZAS (G108128A)
01tVT000008wey9YAA,6Pcs Steel Textilene chair & table set,SET COMEDOR ACERO 6 PIEZAS CON SOMBRILLA
01t4w00000NunZJAAZ,GARDEN CHAIR,SILLA - SET JARDIN 6 PIEZAS (G108121A)
01t4w00000NunY4AAJ,CHILDREN´S CHAIR,SILLA INFANTIL PLASTICO
01tVT00000A5GuPYAV,WALL-MOUNTED PTC FAN HEATER 2000W,CALEFACTOR MURAL CERAMICO CON VENTILADOR (PTC) 2000W
01t4w00000NunXoAAJ,Lund steel rattan square trolley,CARRITO APOYO CUADRADO
01tVT000009w4ajYAA,SMART PORTABLE AIR CONDITIONER,AIRE ACONDICIONADO PORTATIL MULTIFUNCIONAL
01t4w00000Nunb6AAB,SIDE TABLE,MESA AUXILIAR 2 CAJONES
01t4w00000NunX7AAJ,LANTERN SOLAR LIGHT,LAMPARA SOLAR LINTERNA
01t4w00000NunbKAAR,4 TIER BATHROOM SIDE TABLE,MESA DE BAÑO 3 NIVELES
01t4w00000NunYeAAJ,6PC Patio Set,SET COMEDOR 6 PIEZAS
01tVT00000A5yvRYAR,FAN HEATER WITH THERMOSTAT 1500W,CALEFACTOR ELECTRICO TERMOVENTILADOR 1500W
01t4w00000NunbgAAB,TABLE LAMP WITH 3 USB PORTS,LAMPARA DE MESA CON 3 PUERTOS USB
01tVT000009VcgXYAS,PYRAMID CORNER SHELF 5 TIERS,ESTANTE ESQUINERO PIRAMIDAL DE 5 NIVELES
01tVT000008k6XFYAY,LAUNDRY CART WITH WHEELS,CARRO LAVANDERIA CON RUEDAS
01tVT00000EEfTAYA1,POLYRESIN SOLAR GARDEN GNOME WITH LED LIGHT,GNOMO DE JARDÍN DE POLIRESINA CON LUZ LED SOLAR
01tVT00000A5zTJYAZ,FAN HEATER WITH THERMOSTAT 1500W,CALEFACTOR ELECTRICO TERMOVENTILADOR 1500W
01tVT000008k6PBYAY,WOODEN KITCHEN CART,CARRITO ISLA COCINA
01tVT00000A2IfpYAF,HALF OIL DRUM GRILL WITH SIDE TABLE AND THE COOKING HEIGHT ADJUSTOR,ASADOR CARBON RECTANGULAR DE MEDIO BIDON CON MESA LATERAL
01t4w00000NunaLAAR,SQUARE GAZEBO WITH MOSQUITO NET,GAZEBO CUADRADO CON MOSQUITERA
01tVT000009VcILYA0,CORNEW SHELF WITH LED LIGHT 6 TIERS,ESTANTERIA EN ESQUINA 6 NIVELES CON LED
01tVT00000A62xRYAR,TABLE PTC HEATER 1500W,CALEFACTOR CERAMICO SOBREMESA CON VENTILADOR (PTC) 1500W
01t4w00000Nuna9AAB,WOODEN UMBRELLA 270 CM,SOMBRILLA JARDIN 6 RIBS
01t4w00000NunY8AAJ,STOOL COOL BOX,TABURETE AUXILIAR HIELERA
01tVT00000A2zpdYAB,FOLDING CAMPING TABLE,MESA PLEGABLE CAMPING
01tVT00000A1EHiYAN,10CT BULBS SOLAR STRING LIGHT,SERIE DE LUZ SOLAR COLGANTE BOMBILLAS
01t4w00000NunZLAAZ,DINING SET,SET COMEDOR 6 PIEZAS
01t4w00000NunbPAAR,TABLE LAMP.,LAMPARA DE MESA
01tVT00000A5FqHYAV,WALL-MOUNTED PTC FAN HEATER 2000W,CALEFACTOR MURAL CERAMICO CON VENTILADOR (PTC) 2000W
01tVT000008qWIXYA2,5PCS DINING SET,SET COMEDOR METALICO 5 PIEZAS
01tVT00000955BZYAY,6FT FOLDING HDPE TABLE,MESA RESINA PLEGABLE Φ 4.5 cm
01t4w00000NunYtAAJ,TABLE - 8 PIECE GARDEN SET (G108109A),MESA - SET JARDIN 8 PIEZAS (G108109A)
01tVT000008qW8rYAE,3 PIECES ROCKING CHAIR SET WITH CUSHION,SET BISTRO WICKER 3 PIEZAS CON COJINES
01t4w00000NunbFAAR,3 TIER BATHROOM SIDE TABLE,MESA DE BAÑO 3 NIVELES
01tVT000008lCabYAE,4PIECES ROUND TABLE CONVERSATION SET,SALA DE PATIO ACACIA 4 PIEZAS CON COJINES
01t4w00000NunayAAB,SIDE TABLE,APARADOR 1 CAJON
01tVT000009ZDtFYAW,TV STAND,CENTRO ENTRETENIMIENTO 2 NIVELES
01tVT000008qV9aYAE,STEEL SOFA SET 4 PIECES,SALA DE PATIO ACERO 4 PIEZAS CON COJINES
01t4w00000NunXMAAZ,Tanis steel rattan dinging set of 4,SET COMEDOR WICKER CON COJIN
01t4w00000NunXdAAJ,LANTERN SOLAR LIGHT,LAMPARA SOLAR FLOR
01tVT000008k6iXYAQ,AUTO REWIND HOSE REEL 20 M,PORTAMANGUERA AUTOENRROLLABLE CON MANGUERA PARED 20 MT
01t4w00000NunbUAAR,COOLER TOTE BAG,BOLSA NEVERA CAMPING
01t4w00000Nunb2AAB,SIDE TABLE,MESA AUXILIAR
01t4w00000NunbxAAB,"Metal&wood  wall hanging shelf in heart shape,K/D",REPISA METALICA CORAZON
01t4w00000NunZRAAZ,GARDEN UMBRELLA,SOMBRILLA - SET JARDIN 6 PIEZAS (G108124A)
01tVT00000A2IsjYAF,CHARCOAL GRILL,ASADOR CARBON RECTANGULAR DE MEDIO BIDON CON MESA LATERAL
01tVT0000097mxBYAQ,COMPRESSED SOFA,SILLON CAMA FUTÓN
01t4w00000NunbwAAB,"Metal&wood  wall hanging shelf in house shape,K/D",REPISA METALICA CASA
01tVT000009XowvYAC,PLASTIC SHELVES 5 LAYERS,ESTANTERIA PLASTICO LISO 5 NIVELES
01tVT000009uorNYAQ,SAUCER CHAIR,SILLON LUNA PLEGABLE TERCIOPELO
01t4w00000NunaPAAR,GARDEN SET,SET JARDIN 5 PIEZAS CON COJINES
01t4w00000NunacAAB,SQUARE GAZEBO,GAZEBO CUADRADO
01t4w00000NunYzAAJ,7PC Patio Set,SET COMEDOR 7 PIEZAS
01tVT00000EEfT7YAL,POLYRESIN SOLAR GARDEN GNOME WITH LED LIGHT,GNOMO DE JARDÍN DE POLIRESINA CON LUZ LED SOLAR
01tVT00000A2JQbYAN,GRIDDLE TOOLS SET 4 PIECES,SET ACCESORIOS 4 PIEZAS BBQ
01tVT00000A5zEnYAJ,FAN HEATER WITH THERMOSTAT 1500W,CALEFACTOR ELECTRICO TERMOVENTILADOR 1500W
01t4w00000NunWPAAZ,SQUIRE TABLE,MESA JARDIN CUADRADO
01tVT00000EEfT6YAL,POLYRESIN SOLAR GARDEN GNOME WITH LED LIGHT,GNOMO DE JARDÍN DE POLIRESINA CON LUZ LED SOLAR
01tVT000009uG89YAE,SOFA BED,SOFA CAMA
01t4w00000NunZiAAJ,8PC Deluxe Folding set,SOMBRILLA - SET JARDIN PLEGABLE 8 PIEZAS (G108105A)
01t4w00000Nunb1AAB,SIDE TABLE,MESA AUXILIAR
01tVT00000A5yfJYAR,FAN HEATER WITH THERMOSTAT 1500W,CALEFACTOR ELECTRICO TERMOVENTILADOR 1500W
01tVT000009ZDurYAG,TV STAND,CENTRO ENTRETENIMIENTO 2 NIVELES
01t4w00000NunaiAAB,SQUARE GAZEBO WITH CURTAINS,GAZEBO CUADRADO CON CORTINAS
01tVT00000A2FwTYAV,15M SOAKER HOSE,MANGUERA EXUDANTE 15 MTS
01t4w00000NunbJAAR,4 TIER BATHROOM TROLLEY,CARRITO BAÑO 3 NIVELES
01t4w00000NunaJAAR,SQUARE GAZEBO WITH MOSQUITO NET,GAZEBO CUADRADO CON MOSQUITERA
01t4w00000Nuna7AAB,Camping chair with shade,SILLA PLEGABLE CAMPING CON SOMBRILLA
01t4w00000NunbiAAB,TABLE LAMP WITH USB PORT,LAMPARA DE MESA CON PUERTO USB
01t4w00000NunaxAAB,Table,MESA AUXILIAR 1 NIVEL
01t4w00000NunaDAAR,Banana umbrella with LED light,SOMBRILLA JARDIN LATERAL CON BASE EN CRUZ + LUZ LED
01tVT00000A1GwDYAV,50CT MINI BALLS SOLAR STRING LIGHT,SERIE DE LUZ SOLAR COLGANTE BOLITAS
01tVT000008gdQ9YAI,7 PIECES ALU DINING SET,SET COMEDOR 7 PIEZAS
01t4w00000NunbeAAB,TABLE LAMP.,LAMPARA DE MESA
01tVT000008k6QnYAI,3 TIERS GARMENT RACK,PERCHERO ORGANIZADOR 2 NIVELES
01t4w00000NunbvAAB,"Metal&wood  wall hanging shelf in hexagon shape,K/D",REPISA METALICA HEXAGONO
01tVT00000A627pYAB,TABLE PTC HEATER 1500W,CALEFACTOR CERAMICO SOBREMESA CON VENTILADOR (PTC) 1500W
01t4w00000NunbkAAB,TABLE LAMP WITH USB PORT + WIRELESS CHARGING,LAMPARA DE MESA CON PUERTO USB Y CARGADOR WIRELESS
01t4w00000NunamAAB,SQUARE GAZEBO WITH CURTAINS,GAZEBO CUADRADO CON CORTINAS
01tVT000009uH4DYAU,BED HEAD,CABECERA DE CAMA
01t4w00000NunaUAAR,SQUARE GAZEBO WITH BARS,GAZEBO CUADRADO CON BARRAS BAR
01tVT00000A2JAUYA3,32INCH CHARCOAL GRILL,ASADOR CARBON RECTANGULAR CON MESAS LATERALES
01tVT00000A6pN3YAJ,HEATER + FAN + HUMIDIFER (3 IN 1) 1500W,CALEFACTOR +VENTILADOR+ HUMIDIFICADOR ELECTRICO (3 EN 1) 1500W
01tVT000009u8P8YAI,2-SEATER TEXTILENE SWING CHAIR,COLUMPIO BALANCIN DOBLE
01tVT000009w5dFYAQ,COOLER,ENFRIADOR DE AIRE PORTATIL 120W
01tVT000008gdI5YAI,4 PIECES ROPE CONVERSATION SET,SALA DE PATIO ACACIA 4 PIEZAS CON ROPE Y COJINES
01tVT000008pxPdYAI,3 PIECES CHAT SET WITH CUSHION,SET BISTRO ACACIA 3 PIEZAS CON COJIN
01tVT000009v54DYAQ,PP FOLDING CHAIR,SILLA PP PLEGABLE
01t4w00000NunX9AAJ,Steel balcony bistro of 3,SET BISTRO METALICO 3 PIEZAS
01tVT000008lCdpYAE,4PIECES ROUND TABLE CONVERSATION SET,SALA DE PATIO ACACIA 4 PIEZAS CON COJINES
01tVT000009uF41YAE,DINING SET 5 PIECES,SET COMEDOR + 4 SILLAS
01tVT00000A5H7JYAV,WALL-MOUNTED PTC FAN HEATER 2000W,CALEFACTOR MURAL CERAMICO CON VENTILADOR (PTC) 2000W
01tVT00000A61YLYAZ,TABLE PTC HEATER 1500W,CALEFACTOR CERAMICO SOBREMESA CON VENTILADOR (PTC) 1500W
01tVT00000CQYTlYAP,BLADELESS FAN 10 SPEEDS,VENTILADOR SIN ASPAS DE 10 VELOCIDADES
01tVT00000918G5YAI,RATTAN CHAIR,SILLA COMEDOR RATAN
01tVT0000091LurYAE,STEEL CENTER SOFA WITHOUT ARM,SILLON JARDIN ACERO CON COJINES
01tVT000008gdRlYAI,KD SWIVEL CHAIR,SILLA GIRATORIA HUEVO
01t4w00000NunaqAAB,SOFA SET,SET SOFAS CON COJIN 4 PIEZAS
01t4w00000NunZPAAZ,GARDEN CHAIR,SILLA - SET JARDIN 6 PIEZAS (G108124A)
01t4w00000NunYvAAJ,GARDEN CHAIR,SILLA - SET JARDIN 8 PIEZAS (G108109A)
01tVT000008h0o9YAA,FOLDING CHAIR,SILLA RESINA DOBLE PLEGABLE
01t4w00000NunZTAAZ,DINING SET,SET COMEDOR 5 PIEZAS
01tVT00000A61dCYAR,TABLE PTC HEATER 1200W,CALEFACTOR CERAMICO SOBREMESA CON VENTILADOR (PTC) 1200W
01t4w00000NunYxAAJ,GARDEN UMBRELLA,SOMBRILLA - SET JARDIN 8 PIEZAS (G108109A)
01t4w00000NunY2AAJ,CHILDREN´S CHAIR,SILLA INFANTIL PLASTICO
01t4w00000NunY6AAJ,CHILDREN´S CHAIR,SILLA INFANTIL PLASTICO
01tVT000009w5BpYAI,PORTABLE DEHUMIDIFIER,DESHUMIDIFICADOR PORTATIL
01t4w00000NunWzAAJ,BALCONY SET,SALA DE PATIO WICKER 3 PIEZAS
01t4w00000NunabAAB,SQUARE GAZEBO WITH BARS,GAZEBO CUADRADO CON BARRAS BAR
01tVT0000093iddYAA,8' SOLID FOLDING TABLE,MESA RESINA PLEGABLE Φ 4.5 cm
01tVT00000A34u9YAB,PTC FAN HEATER 1500W,CALEFACTOR CERAMICO CON VENTILADOR (PTC) 1500W
01t4w00000NunahAAB,SQUARE GAZEBO WITH CURTAINS,GAZEBO CUADRADO CON CORTINAS
01t4w00000NunbQAAR,COOLER BACKPACK,BOLSA MOCHILA NEVERA CAMPING
01t4w00000NunZHAAZ,TABLE - 6 PIECE GARDEN SET (G108121A),MESA - SET JARDIN 6 PIEZAS (G108121A)
01tVT0000093iAbYAI,6‘ SOLID FOLDING TABLE,MESA RESINA PLEGABLE Φ 3.8 cm
01tVT000009rrnNYAQ,FIRE PIT,POZO DE FUEGO
01t4w00000NunbdAAB,TABLE LAMP.,LAMPARA DE MESA
01t4w00000NunbfAAB,TABLE LAMP.,LAMPARA DE MESA
01t4w00000NunbuAAB,"Metal&wood  wall hanging shelf in square shape,K/D",REPISA METALICA GRAFICA 2 NIVELES
01t4w00000NunZ8AAJ,GARDEN UMBRELLA,SOMBRILLA - SET JARDIN 8 PIEZAS (G108114A)
01t4w00000NunWXAAZ,ROUND GARDEN TABLE,MESA JARDIN REDONDA
01tVT000008gdErYAI,SUNLOUNGER + BENCH,TUMBONA Y BANCA 2 EN 1 ACACIA CON COJINES
01tVT00000EEfT3YAL,POLYRESIN SOLAR GARDEN GNOME WITH LED LIGHT,GNOMO DE JARDÍN DE POLIRESINA CON LUZ LED SOLAR
01tVT000009U0YUYA0,PVC TABLE,MESA PVC
